<?xml version="1.0" encoding="UTF-8"?>
<intanceList>
   <instance>
      <instanceText>CW-CRE-1H4</instanceText>
      <instanceNumber>instance.00148513</instanceNumber>
   </instance>
   <instance>
      <instanceText>CW-MCE-1H4</instanceText>
      <instanceNumber>instance.00148636</instanceNumber>
   </instance>
   <instance>
      <instanceText>CW-CRE-1H6</instanceText>
      <instanceNumber>instance.00148568</instanceNumber>
   </instance>
   <instance>
      <instanceText>CW-MCE-1H6</instanceText>
      <instanceNumber>instance.00148598</instanceNumber>
   </instance>
   <instance>
      <instanceText>CW-CRE-2H4</instanceText>
      <instanceNumber>instance.00148517</instanceNumber>
   </instance>
   <instance>
      <instanceText>CW-MCE-2H4</instanceText>
      <instanceNumber>instance.00148637</instanceNumber>
   </instance>
   <instance>
      <instanceText>CW-CRE-2H6</instanceText>
      <instanceNumber>instance.00148569</instanceNumber>
   </instance>
   <instance>
      <instanceText>CW-MCE-2H6</instanceText>
      <instanceNumber>instance.00148596</instanceNumber>
   </instance>
   <instance>
      <instanceText>CW-CRE-3H6</instanceText>
      <instanceNumber>instance.00148570</instanceNumber>
   </instance>
   <instance>
      <instanceText>CW-MCE-3H6</instanceText>
      <instanceNumber>instance.00148597</instanceNumber>
   </instance>
   <instance>
      <instanceText>CW-CRE-A&amp;C</instanceText>
      <instanceNumber>instance.00148578</instanceNumber>
   </instance>
   <instance>
      <instanceText>CW-MCE-A&amp;C</instanceText>
      <instanceNumber>instance.00148665</instanceNumber>
   </instance>
   <instance>
      <instanceText>CW-CRE-ADH</instanceText>
      <instanceNumber>instance.00148514</instanceNumber>
   </instance>
   <instance>
      <instanceText>CW-MCE-ADH</instanceText>
      <instanceNumber>instance.00148639</instanceNumber>
   </instance>
   <instance>
      <instanceText>CW-CRE-ADO</instanceText>
      <instanceNumber>instance.00148545</instanceNumber>
   </instance>
   <instance>
      <instanceText>CW-MCE-ADO</instanceText>
      <instanceNumber>instance.00148638</instanceNumber>
   </instance>
   <instance>
      <instanceText>CW-CRE-AIT</instanceText>
      <instanceNumber>instance.00148572</instanceNumber>
   </instance>
   <instance>
      <instanceText>CW-MCE-AIT</instanceText>
      <instanceNumber>instance.00148675</instanceNumber>
   </instance>
   <instance>
      <instanceText>CW-CRE-ARD</instanceText>
      <instanceNumber>instance.00148506</instanceNumber>
   </instance>
   <instance>
      <instanceText>CW-MCE-ARD</instanceText>
      <instanceNumber>instance.00148592</instanceNumber>
   </instance>
   <instance>
      <instanceText>CW-CRE-AWW</instanceText>
      <instanceNumber>instance.00148564</instanceNumber>
   </instance>
   <instance>
      <instanceText>CW-MCE-AWW</instanceText>
      <instanceNumber>instance.00148661</instanceNumber>
   </instance>
   <instance>
      <instanceText>CW-CRE-AYLI</instanceText>
      <instanceNumber>instance.00148561</instanceNumber>
   </instance>
   <instance>
      <instanceText>CW-MCE-AYLI</instanceText>
      <instanceNumber>instance.00148643</instanceNumber>
   </instance>
   <instance>
      <instanceText>CW-CRE-CARD</instanceText>
      <instanceNumber>instance.00148591</instanceNumber>
   </instance>
   <instance>
      <instanceText>CW-MCE-CARD</instanceText>
      <instanceNumber>instance.00148674</instanceNumber>
   </instance>
   <instance>
      <instanceText>CW-CRE-COR</instanceText>
      <instanceNumber>instance.00148573</instanceNumber>
   </instance>
   <instance>
      <instanceText>CW-MCE-COR</instanceText>
      <instanceNumber>instance.00148667</instanceNumber>
   </instance>
   <instance>
      <instanceText>CW-CRE-CYM</instanceText>
      <instanceNumber>instance.00148579</instanceNumber>
   </instance>
   <instance>
      <instanceText>CW-MCE-CYM</instanceText>
      <instanceNumber>instance.00148672</instanceNumber>
   </instance>
   <instance>
      <instanceText>CW-CRE-E3</instanceText>
      <instanceNumber>instance.00148510</instanceNumber>
   </instance>
   <instance>
      <instanceText>CW-MCE-E3</instanceText>
      <instanceNumber>instance.00148599</instanceNumber>
   </instance>
   <instance>
      <instanceText>CW-CRE-ERR</instanceText>
      <instanceNumber>instance.00148560</instanceNumber>
   </instance>
   <instance>
      <instanceText>CW-MCE-ERR</instanceText>
      <instanceNumber>instance.00148602</instanceNumber>
   </instance>
   <instance>
      <instanceText>CW-CRE-H5</instanceText>
      <instanceNumber>instance.00148567</instanceNumber>
   </instance>
   <instance>
      <instanceText>CW-MCE-H5</instanceText>
      <instanceNumber>instance.00148640</instanceNumber>
   </instance>
   <instance>
      <instanceText>CW-CRE-HAM</instanceText>
      <instanceNumber>instance.00148550</instanceNumber>
   </instance>
   <instance>
      <instanceText>CW-MCE-HAM</instanceText>
      <instanceNumber>instance.00148657</instanceNumber>
   </instance>
   <instance>
      <instanceText>CW-CRE-JC</instanceText>
      <instanceNumber>instance.00148574</instanceNumber>
   </instance>
   <instance>
      <instanceText>CW-MCE-JC</instanceText>
      <instanceNumber>instance.00148642</instanceNumber>
   </instance>
   <instance>
      <instanceText>CW-CRE-KJ</instanceText>
      <instanceNumber>instance.00148563</instanceNumber>
   </instance>
   <instance>
      <instanceText>CW-MCE-KJ</instanceText>
      <instanceNumber>instance.00148608</instanceNumber>
   </instance>
   <instance>
      <instanceText>CW-CRE-KL</instanceText>
      <instanceNumber>instance.00148551</instanceNumber>
   </instance>
   <instance>
      <instanceText>CW-MCE-KL</instanceText>
      <instanceNumber>instance.00148662</instanceNumber>
   </instance>
   <instance>
      <instanceText>CW-CRE-LBLL</instanceText>
      <instanceNumber>instance.00148546</instanceNumber>
   </instance>
   <instance>
      <instanceText>CW-MCE-LBLL</instanceText>
      <instanceNumber>instance.00148650</instanceNumber>
   </instance>
   <instance>
      <instanceText>CW-CRE-LC</instanceText>
      <instanceNumber>instance.00148555</instanceNumber>
   </instance>
   <instance>
      <instanceText>CW-MCE-LC</instanceText>
      <instanceNumber>instance.00148670</instanceNumber>
   </instance>
   <instance>
      <instanceText>CW-CRE-LLL</instanceText>
      <instanceNumber>instance.00148512</instanceNumber>
   </instance>
   <instance>
      <instanceText>CW-MCE-LLL</instanceText>
      <instanceNumber>instance.00148603</instanceNumber>
   </instance>
   <instance>
      <instanceText>CW-CRE-LLW</instanceText>
      <instanceNumber>instance.00148548</instanceNumber>
   </instance>
   <instance>
      <instanceText>CW-MCE-LLW</instanceText>
      <instanceNumber>instance.00148604</instanceNumber>
   </instance>
   <instance>
      <instanceText>CW-CRE-LUC</instanceText>
      <instanceNumber>instance.00148509</instanceNumber>
   </instance>
   <instance>
      <instanceText>CW-MCE-LUC</instanceText>
      <instanceNumber>instance.00148601</instanceNumber>
   </instance>
   <instance>
      <instanceText>CW-CRE-MAC</instanceText>
      <instanceNumber>instance.00148575</instanceNumber>
   </instance>
   <instance>
      <instanceText>CW-MCE-MAC</instanceText>
      <instanceNumber>instance.00148664</instanceNumber>
   </instance>
   <instance>
      <instanceText>CW-CRE-MM</instanceText>
      <instanceNumber>instance.00148559</instanceNumber>
   </instance>
   <instance>
      <instanceText>CW-MCE-MM</instanceText>
      <instanceNumber>instance.00148660</instanceNumber>
   </instance>
   <instance>
      <instanceText>CW-CRE-MND</instanceText>
      <instanceNumber>instance.00148518</instanceNumber>
   </instance>
   <instance>
      <instanceText>CW-MCE-MND</instanceText>
      <instanceNumber>instance.00148607</instanceNumber>
   </instance>
   <instance>
      <instanceText>CW-CRE-MP</instanceText>
      <instanceNumber>instance.00148582</instanceNumber>
   </instance>
   <instance>
      <instanceText>CW-MCE-MP</instanceText>
      <instanceNumber>instance.00148647</instanceNumber>
   </instance>
   <instance>
      <instanceText>CW-CRE-MP 1</instanceText>
      <instanceNumber>instance.00208879</instanceNumber>
   </instance>
   <instance>
      <instanceText>CW-MCE-MP 1</instanceText>
      <instanceNumber>instance.00208988</instanceNumber>
   </instance>
   <instance>
      <instanceText>CW-CRE-MP 2</instanceText>
      <instanceNumber>instance.00208881</instanceNumber>
   </instance>
   <instance>
      <instanceText>CW-MCE-MP 2</instanceText>
      <instanceNumber>instance.00208989</instanceNumber>
   </instance>
   <instance>
      <instanceText>CW-CRE-MP 3</instanceText>
      <instanceNumber>instance.00208876</instanceNumber>
   </instance>
   <instance>
      <instanceText>CW-MCE-MP 3</instanceText>
      <instanceNumber>instance.00208990</instanceNumber>
   </instance>
   <instance>
      <instanceText>CW-CRE-MP 4</instanceText>
      <instanceNumber>instance.00208882</instanceNumber>
   </instance>
   <instance>
      <instanceText>CW-MCE-MP 4</instanceText>
      <instanceNumber>instance.00208991</instanceNumber>
   </instance>
   <instance>
      <instanceText>CW-CRE-MP 6</instanceText>
      <instanceNumber>instance.00208880</instanceNumber>
   </instance>
   <instance>
      <instanceText>CW-MCE-MP 6</instanceText>
      <instanceNumber>instance.00208992</instanceNumber>
   </instance>
   <instance>
      <instanceText>CW-CRE-MP 7</instanceText>
      <instanceNumber>instance.00208878</instanceNumber>
   </instance>
   <instance>
      <instanceText>CW-MCE-MP 7</instanceText>
      <instanceNumber>instance.00208993</instanceNumber>
   </instance>
   <instance>
      <instanceText>CW-CRE-MP 8</instanceText>
      <instanceNumber>instance.00208883</instanceNumber>
   </instance>
   <instance>
      <instanceText>CW-MCE-MP 8</instanceText>
      <instanceNumber>instance.00208994</instanceNumber>
   </instance>
   <instance>
      <instanceText>CW-CRE-MP 9</instanceText>
      <instanceNumber>instance.00208877</instanceNumber>
   </instance>
   <instance>
      <instanceText>CW-MCE-MP 9</instanceText>
      <instanceNumber>instance.00208995</instanceNumber>
   </instance>
   <instance>
      <instanceText>CW-CRE-MV</instanceText>
      <instanceNumber>instance.00148519</instanceNumber>
   </instance>
   <instance>
      <instanceText>CW-MCE-MV</instanceText>
      <instanceNumber>instance.00148610</instanceNumber>
   </instance>
   <instance>
      <instanceText>CW-CRE-MWW</instanceText>
      <instanceNumber>instance.00148558</instanceNumber>
   </instance>
   <instance>
      <instanceText>CW-MCE-MWW</instanceText>
      <instanceNumber>instance.00148644</instanceNumber>
   </instance>
   <instance>
      <instanceText>CW-CRE-OTH</instanceText>
      <instanceNumber>instance.00148577</instanceNumber>
   </instance>
   <instance>
      <instanceText>CW-MCE-OTH</instanceText>
      <instanceNumber>instance.00148659</instanceNumber>
   </instance>
   <instance>
      <instanceText>CW-CRE-PER</instanceText>
      <instanceNumber>instance.00148552</instanceNumber>
   </instance>
   <instance>
      <instanceText>CW-MCE-PER</instanceText>
      <instanceNumber>instance.00148666</instanceNumber>
   </instance>
   <instance>
      <instanceText>CW-CRE-PP</instanceText>
      <instanceNumber>instance.00148515</instanceNumber>
   </instance>
   <instance>
      <instanceText>CW-MCE-PP</instanceText>
      <instanceNumber>instance.00148641</instanceNumber>
   </instance>
   <instance>
      <instanceText>CW-CRE-PP 1</instanceText>
      <instanceNumber>instance.00208708</instanceNumber>
   </instance>
   <instance>
      <instanceText>CW-MCE-PP 1</instanceText>
      <instanceNumber>instance.00208757</instanceNumber>
   </instance>
   <instance>
      <instanceText>CW-CRE-PP 10</instanceText>
      <instanceNumber>instance.00208717</instanceNumber>
   </instance>
   <instance>
      <instanceText>CW-MCE-PP 10</instanceText>
      <instanceNumber>instance.00208766</instanceNumber>
   </instance>
   <instance>
      <instanceText>CW-CRE-PP 11</instanceText>
      <instanceNumber>instance.00208718</instanceNumber>
   </instance>
   <instance>
      <instanceText>CW-MCE-PP 11</instanceText>
      <instanceNumber>instance.00208767</instanceNumber>
   </instance>
   <instance>
      <instanceText>CW-CRE-PP 12</instanceText>
      <instanceNumber>instance.00208719</instanceNumber>
   </instance>
   <instance>
      <instanceText>CW-MCE-PP 12</instanceText>
      <instanceNumber>instance.00208768</instanceNumber>
   </instance>
   <instance>
      <instanceText>CW-CRE-PP 13</instanceText>
      <instanceNumber>instance.00208720</instanceNumber>
   </instance>
   <instance>
      <instanceText>CW-MCE-PP 13</instanceText>
      <instanceNumber>instance.00208769</instanceNumber>
   </instance>
   <instance>
      <instanceText>CW-CRE-PP 14</instanceText>
      <instanceNumber>instance.00208721</instanceNumber>
   </instance>
   <instance>
      <instanceText>CW-MCE-PP 14</instanceText>
      <instanceNumber>instance.00208770</instanceNumber>
   </instance>
   <instance>
      <instanceText>CW-CRE-PP 15</instanceText>
      <instanceNumber>instance.00208722</instanceNumber>
   </instance>
   <instance>
      <instanceText>CW-MCE-PP 15</instanceText>
      <instanceNumber>instance.00208771</instanceNumber>
   </instance>
   <instance>
      <instanceText>CW-CRE-PP 16</instanceText>
      <instanceNumber>instance.00208723</instanceNumber>
   </instance>
   <instance>
      <instanceText>CW-MCE-PP 16</instanceText>
      <instanceNumber>instance.00208772</instanceNumber>
   </instance>
   <instance>
      <instanceText>CW-CRE-PP 17</instanceText>
      <instanceNumber>instance.00208724</instanceNumber>
   </instance>
   <instance>
      <instanceText>CW-MCE-PP 17</instanceText>
      <instanceNumber>instance.00208773</instanceNumber>
   </instance>
   <instance>
      <instanceText>CW-CRE-PP 18</instanceText>
      <instanceNumber>instance.00208725</instanceNumber>
   </instance>
   <instance>
      <instanceText>CW-MCE-PP 18</instanceText>
      <instanceNumber>instance.00208774</instanceNumber>
   </instance>
   <instance>
      <instanceText>CW-CRE-PP 19</instanceText>
      <instanceNumber>instance.00208726</instanceNumber>
   </instance>
   <instance>
      <instanceText>CW-MCE-PP 19</instanceText>
      <instanceNumber>instance.00208775</instanceNumber>
   </instance>
   <instance>
      <instanceText>CW-CRE-PP 2</instanceText>
      <instanceNumber>instance.00208709</instanceNumber>
   </instance>
   <instance>
      <instanceText>CW-MCE-PP 2</instanceText>
      <instanceNumber>instance.00208758</instanceNumber>
   </instance>
   <instance>
      <instanceText>CW-CRE-PP 20</instanceText>
      <instanceNumber>instance.00208727</instanceNumber>
   </instance>
   <instance>
      <instanceText>CW-MCE-PP 20</instanceText>
      <instanceNumber>instance.00208776</instanceNumber>
   </instance>
   <instance>
      <instanceText>CW-CRE-PP 3</instanceText>
      <instanceNumber>instance.00208710</instanceNumber>
   </instance>
   <instance>
      <instanceText>CW-MCE-PP 3</instanceText>
      <instanceNumber>instance.00208759</instanceNumber>
   </instance>
   <instance>
      <instanceText>CW-CRE-PP 4</instanceText>
      <instanceNumber>instance.00208711</instanceNumber>
   </instance>
   <instance>
      <instanceText>CW-MCE-PP 4</instanceText>
      <instanceNumber>instance.00208760</instanceNumber>
   </instance>
   <instance>
      <instanceText>CW-CRE-PP 5</instanceText>
      <instanceNumber>instance.00208712</instanceNumber>
   </instance>
   <instance>
      <instanceText>CW-MCE-PP 5</instanceText>
      <instanceNumber>instance.00208761</instanceNumber>
   </instance>
   <instance>
      <instanceText>CW-CRE-PP 6</instanceText>
      <instanceNumber>instance.00208713</instanceNumber>
   </instance>
   <instance>
      <instanceText>CW-MCE-PP 6</instanceText>
      <instanceNumber>instance.00208762</instanceNumber>
   </instance>
   <instance>
      <instanceText>CW-CRE-PP 7</instanceText>
      <instanceNumber>instance.00208714</instanceNumber>
   </instance>
   <instance>
      <instanceText>CW-MCE-PP 7</instanceText>
      <instanceNumber>instance.00208763</instanceNumber>
   </instance>
   <instance>
      <instanceText>CW-CRE-PP 8</instanceText>
      <instanceNumber>instance.00208715</instanceNumber>
   </instance>
   <instance>
      <instanceText>CW-MCE-PP 8</instanceText>
      <instanceNumber>instance.00208764</instanceNumber>
   </instance>
   <instance>
      <instanceText>CW-CRE-PP 9</instanceText>
      <instanceNumber>instance.00208716</instanceNumber>
   </instance>
   <instance>
      <instanceText>CW-MCE-PP 9</instanceText>
      <instanceNumber>instance.00208765</instanceNumber>
   </instance>
   <instance>
      <instanceText>CW-CRE-PRELIM</instanceText>
      <instanceNumber>instance.00227745</instanceNumber>
   </instance>
   <instance>
      <instanceText>CW-CRE-PRELIM 1</instanceText>
      <instanceNumber>instance.00227746</instanceNumber>
   </instance>
   <instance>
      <instanceText>CW-CRE-PRELIM 2</instanceText>
      <instanceNumber>instance.00227747</instanceNumber>
   </instance>
   <instance>
      <instanceText>CW-CRE-PRELIM 3</instanceText>
      <instanceNumber>instance.00227748</instanceNumber>
   </instance>
   <instance>
      <instanceText>CW-CRE-PRELIM 4</instanceText>
      <instanceNumber>instance.00227749</instanceNumber>
   </instance>
   <instance>
      <instanceText>CW-CRE-PRELIM 5</instanceText>
      <instanceNumber>instance.00227750</instanceNumber>
   </instance>
   <instance>
      <instanceText>CW-CRE-PRELIM 6</instanceText>
      <instanceNumber>instance.00227751</instanceNumber>
   </instance>
   <instance>
      <instanceText>CW-CRE-PRELIM 7</instanceText>
      <instanceNumber>instance.00227752</instanceNumber>
   </instance>
   <instance>
      <instanceText>CW-CRE-PRELIM 8</instanceText>
      <instanceNumber>instance.00227753</instanceNumber>
   </instance>
   <instance>
      <instanceText>CW-CRE-PRELIM 9</instanceText>
      <instanceNumber>instance.00227754</instanceNumber>
   </instance>
   <instance>
      <instanceText>CW-CRE-R&amp;J</instanceText>
      <instanceNumber>instance.00148516</instanceNumber>
   </instance>
   <instance>
      <instanceText>CW-MCE-R&amp;J</instanceText>
      <instanceNumber>instance.00148606</instanceNumber>
   </instance>
   <instance>
      <instanceText>CW-CRE-R2</instanceText>
      <instanceNumber>instance.00148511</instanceNumber>
   </instance>
   <instance>
      <instanceText>CW-MCE-R2</instanceText>
      <instanceNumber>instance.00148605</instanceNumber>
   </instance>
   <instance>
      <instanceText>CW-CRE-R3</instanceText>
      <instanceNumber>instance.00148571</instanceNumber>
   </instance>
   <instance>
      <instanceText>CW-MCE-R3</instanceText>
      <instanceNumber>instance.00162099</instanceNumber>
   </instance>
   <instance>
      <instanceText>CW-MCE-SEJ</instanceText>
      <instanceNumber>instance.00203322</instanceNumber>
   </instance>
   <instance>
      <instanceText>CW-CRE-SEJ</instanceText>
      <instanceNumber>instance.00203323</instanceNumber>
   </instance>
   <instance>
      <instanceText>CW-CRE-SON</instanceText>
      <instanceNumber>instance.00148553</instanceNumber>
   </instance>
   <instance>
      <instanceText>CW-MCE-SON</instanceText>
      <instanceNumber>instance.00148668</instanceNumber>
   </instance>
   <instance>
      <instanceText>CW-CRE-SON 1</instanceText>
      <instanceNumber>instance.00212795</instanceNumber>
   </instance>
   <instance>
      <instanceText>CW-MCE-SON 1</instanceText>
      <instanceNumber>instance.00212949</instanceNumber>
   </instance>
   <instance>
      <instanceText>CW-CRE-SON 10</instanceText>
      <instanceNumber>instance.00212804</instanceNumber>
   </instance>
   <instance>
      <instanceText>CW-MCE-SON 10</instanceText>
      <instanceNumber>instance.00212958</instanceNumber>
   </instance>
   <instance>
      <instanceText>CW-CRE-SON 100</instanceText>
      <instanceNumber>instance.00212894</instanceNumber>
   </instance>
   <instance>
      <instanceText>CW-MCE-SON 100</instanceText>
      <instanceNumber>instance.00213048</instanceNumber>
   </instance>
   <instance>
      <instanceText>CW-CRE-SON 101</instanceText>
      <instanceNumber>instance.00212895</instanceNumber>
   </instance>
   <instance>
      <instanceText>CW-MCE-SON 101</instanceText>
      <instanceNumber>instance.00213049</instanceNumber>
   </instance>
   <instance>
      <instanceText>CW-CRE-SON 102</instanceText>
      <instanceNumber>instance.00212896</instanceNumber>
   </instance>
   <instance>
      <instanceText>CW-MCE-SON 102</instanceText>
      <instanceNumber>instance.00213050</instanceNumber>
   </instance>
   <instance>
      <instanceText>CW-CRE-SON 103</instanceText>
      <instanceNumber>instance.00212897</instanceNumber>
   </instance>
   <instance>
      <instanceText>CW-MCE-SON 103</instanceText>
      <instanceNumber>instance.00213051</instanceNumber>
   </instance>
   <instance>
      <instanceText>CW-CRE-SON 104</instanceText>
      <instanceNumber>instance.00212898</instanceNumber>
   </instance>
   <instance>
      <instanceText>CW-MCE-SON 104</instanceText>
      <instanceNumber>instance.00213052</instanceNumber>
   </instance>
   <instance>
      <instanceText>CW-CRE-SON 105</instanceText>
      <instanceNumber>instance.00212899</instanceNumber>
   </instance>
   <instance>
      <instanceText>CW-MCE-SON 105</instanceText>
      <instanceNumber>instance.00213053</instanceNumber>
   </instance>
   <instance>
      <instanceText>CW-CRE-SON 106</instanceText>
      <instanceNumber>instance.00212900</instanceNumber>
   </instance>
   <instance>
      <instanceText>CW-MCE-SON 106</instanceText>
      <instanceNumber>instance.00213054</instanceNumber>
   </instance>
   <instance>
      <instanceText>CW-CRE-SON 107</instanceText>
      <instanceNumber>instance.00212901</instanceNumber>
   </instance>
   <instance>
      <instanceText>CW-MCE-SON 107</instanceText>
      <instanceNumber>instance.00213055</instanceNumber>
   </instance>
   <instance>
      <instanceText>CW-CRE-SON 108</instanceText>
      <instanceNumber>instance.00212902</instanceNumber>
   </instance>
   <instance>
      <instanceText>CW-MCE-SON 108</instanceText>
      <instanceNumber>instance.00213056</instanceNumber>
   </instance>
   <instance>
      <instanceText>CW-CRE-SON 109</instanceText>
      <instanceNumber>instance.00212903</instanceNumber>
   </instance>
   <instance>
      <instanceText>CW-MCE-SON 109</instanceText>
      <instanceNumber>instance.00213057</instanceNumber>
   </instance>
   <instance>
      <instanceText>CW-CRE-SON 11</instanceText>
      <instanceNumber>instance.00212805</instanceNumber>
   </instance>
   <instance>
      <instanceText>CW-MCE-SON 11</instanceText>
      <instanceNumber>instance.00212959</instanceNumber>
   </instance>
   <instance>
      <instanceText>CW-CRE-SON 110</instanceText>
      <instanceNumber>instance.00212904</instanceNumber>
   </instance>
   <instance>
      <instanceText>CW-MCE-SON 110</instanceText>
      <instanceNumber>instance.00213058</instanceNumber>
   </instance>
   <instance>
      <instanceText>CW-CRE-SON 111</instanceText>
      <instanceNumber>instance.00212905</instanceNumber>
   </instance>
   <instance>
      <instanceText>CW-MCE-SON 111</instanceText>
      <instanceNumber>instance.00213059</instanceNumber>
   </instance>
   <instance>
      <instanceText>CW-CRE-SON 112</instanceText>
      <instanceNumber>instance.00212906</instanceNumber>
   </instance>
   <instance>
      <instanceText>CW-MCE-SON 112</instanceText>
      <instanceNumber>instance.00213060</instanceNumber>
   </instance>
   <instance>
      <instanceText>CW-CRE-SON 113</instanceText>
      <instanceNumber>instance.00212907</instanceNumber>
   </instance>
   <instance>
      <instanceText>CW-MCE-SON 113</instanceText>
      <instanceNumber>instance.00213061</instanceNumber>
   </instance>
   <instance>
      <instanceText>CW-CRE-SON 114</instanceText>
      <instanceNumber>instance.00212908</instanceNumber>
   </instance>
   <instance>
      <instanceText>CW-MCE-SON 114</instanceText>
      <instanceNumber>instance.00213062</instanceNumber>
   </instance>
   <instance>
      <instanceText>CW-CRE-SON 115</instanceText>
      <instanceNumber>instance.00212909</instanceNumber>
   </instance>
   <instance>
      <instanceText>CW-MCE-SON 115</instanceText>
      <instanceNumber>instance.00213063</instanceNumber>
   </instance>
   <instance>
      <instanceText>CW-CRE-SON 116</instanceText>
      <instanceNumber>instance.00212910</instanceNumber>
   </instance>
   <instance>
      <instanceText>CW-MCE-SON 116</instanceText>
      <instanceNumber>instance.00213064</instanceNumber>
   </instance>
   <instance>
      <instanceText>CW-CRE-SON 117</instanceText>
      <instanceNumber>instance.00212911</instanceNumber>
   </instance>
   <instance>
      <instanceText>CW-MCE-SON 117</instanceText>
      <instanceNumber>instance.00213065</instanceNumber>
   </instance>
   <instance>
      <instanceText>CW-CRE-SON 118</instanceText>
      <instanceNumber>instance.00212912</instanceNumber>
   </instance>
   <instance>
      <instanceText>CW-MCE-SON 118</instanceText>
      <instanceNumber>instance.00213066</instanceNumber>
   </instance>
   <instance>
      <instanceText>CW-CRE-SON 119</instanceText>
      <instanceNumber>instance.00212913</instanceNumber>
   </instance>
   <instance>
      <instanceText>CW-MCE-SON 119</instanceText>
      <instanceNumber>instance.00213067</instanceNumber>
   </instance>
   <instance>
      <instanceText>CW-CRE-SON 12</instanceText>
      <instanceNumber>instance.00212806</instanceNumber>
   </instance>
   <instance>
      <instanceText>CW-MCE-SON 12</instanceText>
      <instanceNumber>instance.00212960</instanceNumber>
   </instance>
   <instance>
      <instanceText>CW-CRE-SON 120</instanceText>
      <instanceNumber>instance.00212914</instanceNumber>
   </instance>
   <instance>
      <instanceText>CW-MCE-SON 120</instanceText>
      <instanceNumber>instance.00213068</instanceNumber>
   </instance>
   <instance>
      <instanceText>CW-CRE-SON 121</instanceText>
      <instanceNumber>instance.00212915</instanceNumber>
   </instance>
   <instance>
      <instanceText>CW-MCE-SON 121</instanceText>
      <instanceNumber>instance.00213069</instanceNumber>
   </instance>
   <instance>
      <instanceText>CW-CRE-SON 122</instanceText>
      <instanceNumber>instance.00212916</instanceNumber>
   </instance>
   <instance>
      <instanceText>CW-MCE-SON 122</instanceText>
      <instanceNumber>instance.00213070</instanceNumber>
   </instance>
   <instance>
      <instanceText>CW-CRE-SON 123</instanceText>
      <instanceNumber>instance.00212917</instanceNumber>
   </instance>
   <instance>
      <instanceText>CW-MCE-SON 123</instanceText>
      <instanceNumber>instance.00213071</instanceNumber>
   </instance>
   <instance>
      <instanceText>CW-CRE-SON 124</instanceText>
      <instanceNumber>instance.00212918</instanceNumber>
   </instance>
   <instance>
      <instanceText>CW-MCE-SON 124</instanceText>
      <instanceNumber>instance.00213072</instanceNumber>
   </instance>
   <instance>
      <instanceText>CW-CRE-SON 125</instanceText>
      <instanceNumber>instance.00212919</instanceNumber>
   </instance>
   <instance>
      <instanceText>CW-MCE-SON 125</instanceText>
      <instanceNumber>instance.00213073</instanceNumber>
   </instance>
   <instance>
      <instanceText>CW-CRE-SON 126</instanceText>
      <instanceNumber>instance.00212920</instanceNumber>
   </instance>
   <instance>
      <instanceText>CW-MCE-SON 126</instanceText>
      <instanceNumber>instance.00213074</instanceNumber>
   </instance>
   <instance>
      <instanceText>CW-CRE-SON 127</instanceText>
      <instanceNumber>instance.00212921</instanceNumber>
   </instance>
   <instance>
      <instanceText>CW-MCE-SON 127</instanceText>
      <instanceNumber>instance.00213075</instanceNumber>
   </instance>
   <instance>
      <instanceText>CW-CRE-SON 128</instanceText>
      <instanceNumber>instance.00212922</instanceNumber>
   </instance>
   <instance>
      <instanceText>CW-MCE-SON 128</instanceText>
      <instanceNumber>instance.00213076</instanceNumber>
   </instance>
   <instance>
      <instanceText>CW-CRE-SON 129</instanceText>
      <instanceNumber>instance.00212923</instanceNumber>
   </instance>
   <instance>
      <instanceText>CW-MCE-SON 129</instanceText>
      <instanceNumber>instance.00213077</instanceNumber>
   </instance>
   <instance>
      <instanceText>CW-CRE-SON 13</instanceText>
      <instanceNumber>instance.00212807</instanceNumber>
   </instance>
   <instance>
      <instanceText>CW-MCE-SON 13</instanceText>
      <instanceNumber>instance.00212961</instanceNumber>
   </instance>
   <instance>
      <instanceText>CW-CRE-SON 130</instanceText>
      <instanceNumber>instance.00212924</instanceNumber>
   </instance>
   <instance>
      <instanceText>CW-MCE-SON 130</instanceText>
      <instanceNumber>instance.00213078</instanceNumber>
   </instance>
   <instance>
      <instanceText>CW-CRE-SON 131</instanceText>
      <instanceNumber>instance.00212925</instanceNumber>
   </instance>
   <instance>
      <instanceText>CW-MCE-SON 131</instanceText>
      <instanceNumber>instance.00213079</instanceNumber>
   </instance>
   <instance>
      <instanceText>CW-CRE-SON 132</instanceText>
      <instanceNumber>instance.00212926</instanceNumber>
   </instance>
   <instance>
      <instanceText>CW-MCE-SON 132</instanceText>
      <instanceNumber>instance.00213080</instanceNumber>
   </instance>
   <instance>
      <instanceText>CW-CRE-SON 133</instanceText>
      <instanceNumber>instance.00212927</instanceNumber>
   </instance>
   <instance>
      <instanceText>CW-MCE-SON 133</instanceText>
      <instanceNumber>instance.00213081</instanceNumber>
   </instance>
   <instance>
      <instanceText>CW-CRE-SON 134</instanceText>
      <instanceNumber>instance.00212928</instanceNumber>
   </instance>
   <instance>
      <instanceText>CW-MCE-SON 134</instanceText>
      <instanceNumber>instance.00213082</instanceNumber>
   </instance>
   <instance>
      <instanceText>CW-CRE-SON 135</instanceText>
      <instanceNumber>instance.00212929</instanceNumber>
   </instance>
   <instance>
      <instanceText>CW-MCE-SON 135</instanceText>
      <instanceNumber>instance.00213083</instanceNumber>
   </instance>
   <instance>
      <instanceText>CW-CRE-SON 136</instanceText>
      <instanceNumber>instance.00212930</instanceNumber>
   </instance>
   <instance>
      <instanceText>CW-MCE-SON 136</instanceText>
      <instanceNumber>instance.00213084</instanceNumber>
   </instance>
   <instance>
      <instanceText>CW-CRE-SON 137</instanceText>
      <instanceNumber>instance.00212931</instanceNumber>
   </instance>
   <instance>
      <instanceText>CW-MCE-SON 137</instanceText>
      <instanceNumber>instance.00213085</instanceNumber>
   </instance>
   <instance>
      <instanceText>CW-CRE-SON 138</instanceText>
      <instanceNumber>instance.00212932</instanceNumber>
   </instance>
   <instance>
      <instanceText>CW-MCE-SON 138</instanceText>
      <instanceNumber>instance.00213086</instanceNumber>
   </instance>
   <instance>
      <instanceText>CW-CRE-SON 139</instanceText>
      <instanceNumber>instance.00212933</instanceNumber>
   </instance>
   <instance>
      <instanceText>CW-MCE-SON 139</instanceText>
      <instanceNumber>instance.00213087</instanceNumber>
   </instance>
   <instance>
      <instanceText>CW-CRE-SON 14</instanceText>
      <instanceNumber>instance.00212808</instanceNumber>
   </instance>
   <instance>
      <instanceText>CW-MCE-SON 14</instanceText>
      <instanceNumber>instance.00212962</instanceNumber>
   </instance>
   <instance>
      <instanceText>CW-CRE-SON 140</instanceText>
      <instanceNumber>instance.00212934</instanceNumber>
   </instance>
   <instance>
      <instanceText>CW-MCE-SON 140</instanceText>
      <instanceNumber>instance.00213088</instanceNumber>
   </instance>
   <instance>
      <instanceText>CW-CRE-SON 141</instanceText>
      <instanceNumber>instance.00212935</instanceNumber>
   </instance>
   <instance>
      <instanceText>CW-MCE-SON 141</instanceText>
      <instanceNumber>instance.00213089</instanceNumber>
   </instance>
   <instance>
      <instanceText>CW-CRE-SON 142</instanceText>
      <instanceNumber>instance.00212936</instanceNumber>
   </instance>
   <instance>
      <instanceText>CW-MCE-SON 142</instanceText>
      <instanceNumber>instance.00213090</instanceNumber>
   </instance>
   <instance>
      <instanceText>CW-CRE-SON 143</instanceText>
      <instanceNumber>instance.00212937</instanceNumber>
   </instance>
   <instance>
      <instanceText>CW-MCE-SON 143</instanceText>
      <instanceNumber>instance.00213091</instanceNumber>
   </instance>
   <instance>
      <instanceText>CW-CRE-SON 144</instanceText>
      <instanceNumber>instance.00212938</instanceNumber>
   </instance>
   <instance>
      <instanceText>CW-MCE-SON 144</instanceText>
      <instanceNumber>instance.00213092</instanceNumber>
   </instance>
   <instance>
      <instanceText>CW-CRE-SON 145</instanceText>
      <instanceNumber>instance.00212939</instanceNumber>
   </instance>
   <instance>
      <instanceText>CW-MCE-SON 145</instanceText>
      <instanceNumber>instance.00213093</instanceNumber>
   </instance>
   <instance>
      <instanceText>CW-CRE-SON 146</instanceText>
      <instanceNumber>instance.00212940</instanceNumber>
   </instance>
   <instance>
      <instanceText>CW-MCE-SON 146</instanceText>
      <instanceNumber>instance.00213094</instanceNumber>
   </instance>
   <instance>
      <instanceText>CW-CRE-SON 147</instanceText>
      <instanceNumber>instance.00212941</instanceNumber>
   </instance>
   <instance>
      <instanceText>CW-MCE-SON 147</instanceText>
      <instanceNumber>instance.00213095</instanceNumber>
   </instance>
   <instance>
      <instanceText>CW-CRE-SON 148</instanceText>
      <instanceNumber>instance.00212942</instanceNumber>
   </instance>
   <instance>
      <instanceText>CW-MCE-SON 148</instanceText>
      <instanceNumber>instance.00213096</instanceNumber>
   </instance>
   <instance>
      <instanceText>CW-CRE-SON 149</instanceText>
      <instanceNumber>instance.00212943</instanceNumber>
   </instance>
   <instance>
      <instanceText>CW-MCE-SON 149</instanceText>
      <instanceNumber>instance.00213097</instanceNumber>
   </instance>
   <instance>
      <instanceText>CW-CRE-SON 15</instanceText>
      <instanceNumber>instance.00212809</instanceNumber>
   </instance>
   <instance>
      <instanceText>CW-MCE-SON 15</instanceText>
      <instanceNumber>instance.00212963</instanceNumber>
   </instance>
   <instance>
      <instanceText>CW-CRE-SON 150</instanceText>
      <instanceNumber>instance.00212944</instanceNumber>
   </instance>
   <instance>
      <instanceText>CW-MCE-SON 150</instanceText>
      <instanceNumber>instance.00213098</instanceNumber>
   </instance>
   <instance>
      <instanceText>CW-CRE-SON 151</instanceText>
      <instanceNumber>instance.00212945</instanceNumber>
   </instance>
   <instance>
      <instanceText>CW-MCE-SON 151</instanceText>
      <instanceNumber>instance.00213099</instanceNumber>
   </instance>
   <instance>
      <instanceText>CW-CRE-SON 152</instanceText>
      <instanceNumber>instance.00212946</instanceNumber>
   </instance>
   <instance>
      <instanceText>CW-MCE-SON 152</instanceText>
      <instanceNumber>instance.00213100</instanceNumber>
   </instance>
   <instance>
      <instanceText>CW-CRE-SON 153</instanceText>
      <instanceNumber>instance.00212947</instanceNumber>
   </instance>
   <instance>
      <instanceText>CW-MCE-SON 153</instanceText>
      <instanceNumber>instance.00213101</instanceNumber>
   </instance>
   <instance>
      <instanceText>CW-CRE-SON 154</instanceText>
      <instanceNumber>instance.00212948</instanceNumber>
   </instance>
   <instance>
      <instanceText>CW-MCE-SON 154</instanceText>
      <instanceNumber>instance.00213102</instanceNumber>
   </instance>
   <instance>
      <instanceText>CW-CRE-SON 16</instanceText>
      <instanceNumber>instance.00212810</instanceNumber>
   </instance>
   <instance>
      <instanceText>CW-MCE-SON 16</instanceText>
      <instanceNumber>instance.00212964</instanceNumber>
   </instance>
   <instance>
      <instanceText>CW-CRE-SON 17</instanceText>
      <instanceNumber>instance.00212811</instanceNumber>
   </instance>
   <instance>
      <instanceText>CW-MCE-SON 17</instanceText>
      <instanceNumber>instance.00212965</instanceNumber>
   </instance>
   <instance>
      <instanceText>CW-CRE-SON 18</instanceText>
      <instanceNumber>instance.00212812</instanceNumber>
   </instance>
   <instance>
      <instanceText>CW-MCE-SON 18</instanceText>
      <instanceNumber>instance.00212966</instanceNumber>
   </instance>
   <instance>
      <instanceText>CW-CRE-SON 19</instanceText>
      <instanceNumber>instance.00212813</instanceNumber>
   </instance>
   <instance>
      <instanceText>CW-MCE-SON 19</instanceText>
      <instanceNumber>instance.00212967</instanceNumber>
   </instance>
   <instance>
      <instanceText>CW-CRE-SON 2</instanceText>
      <instanceNumber>instance.00212796</instanceNumber>
   </instance>
   <instance>
      <instanceText>CW-MCE-SON 2</instanceText>
      <instanceNumber>instance.00212950</instanceNumber>
   </instance>
   <instance>
      <instanceText>CW-CRE-SON 20</instanceText>
      <instanceNumber>instance.00212814</instanceNumber>
   </instance>
   <instance>
      <instanceText>CW-MCE-SON 20</instanceText>
      <instanceNumber>instance.00212968</instanceNumber>
   </instance>
   <instance>
      <instanceText>CW-CRE-SON 21</instanceText>
      <instanceNumber>instance.00212815</instanceNumber>
   </instance>
   <instance>
      <instanceText>CW-MCE-SON 21</instanceText>
      <instanceNumber>instance.00212969</instanceNumber>
   </instance>
   <instance>
      <instanceText>CW-CRE-SON 22</instanceText>
      <instanceNumber>instance.00212816</instanceNumber>
   </instance>
   <instance>
      <instanceText>CW-MCE-SON 22</instanceText>
      <instanceNumber>instance.00212970</instanceNumber>
   </instance>
   <instance>
      <instanceText>CW-CRE-SON 23</instanceText>
      <instanceNumber>instance.00212817</instanceNumber>
   </instance>
   <instance>
      <instanceText>CW-MCE-SON 23</instanceText>
      <instanceNumber>instance.00212971</instanceNumber>
   </instance>
   <instance>
      <instanceText>CW-CRE-SON 24</instanceText>
      <instanceNumber>instance.00212818</instanceNumber>
   </instance>
   <instance>
      <instanceText>CW-MCE-SON 24</instanceText>
      <instanceNumber>instance.00212972</instanceNumber>
   </instance>
   <instance>
      <instanceText>CW-CRE-SON 25</instanceText>
      <instanceNumber>instance.00212819</instanceNumber>
   </instance>
   <instance>
      <instanceText>CW-MCE-SON 25</instanceText>
      <instanceNumber>instance.00212973</instanceNumber>
   </instance>
   <instance>
      <instanceText>CW-CRE-SON 26</instanceText>
      <instanceNumber>instance.00212820</instanceNumber>
   </instance>
   <instance>
      <instanceText>CW-MCE-SON 26</instanceText>
      <instanceNumber>instance.00212974</instanceNumber>
   </instance>
   <instance>
      <instanceText>CW-CRE-SON 27</instanceText>
      <instanceNumber>instance.00212821</instanceNumber>
   </instance>
   <instance>
      <instanceText>CW-MCE-SON 27</instanceText>
      <instanceNumber>instance.00212975</instanceNumber>
   </instance>
   <instance>
      <instanceText>CW-CRE-SON 28</instanceText>
      <instanceNumber>instance.00212822</instanceNumber>
   </instance>
   <instance>
      <instanceText>CW-MCE-SON 28</instanceText>
      <instanceNumber>instance.00212976</instanceNumber>
   </instance>
   <instance>
      <instanceText>CW-CRE-SON 29</instanceText>
      <instanceNumber>instance.00212823</instanceNumber>
   </instance>
   <instance>
      <instanceText>CW-MCE-SON 29</instanceText>
      <instanceNumber>instance.00212977</instanceNumber>
   </instance>
   <instance>
      <instanceText>CW-CRE-SON 3</instanceText>
      <instanceNumber>instance.00212797</instanceNumber>
   </instance>
   <instance>
      <instanceText>CW-MCE-SON 3</instanceText>
      <instanceNumber>instance.00212951</instanceNumber>
   </instance>
   <instance>
      <instanceText>CW-CRE-SON 30</instanceText>
      <instanceNumber>instance.00212824</instanceNumber>
   </instance>
   <instance>
      <instanceText>CW-MCE-SON 30</instanceText>
      <instanceNumber>instance.00212978</instanceNumber>
   </instance>
   <instance>
      <instanceText>CW-CRE-SON 31</instanceText>
      <instanceNumber>instance.00212825</instanceNumber>
   </instance>
   <instance>
      <instanceText>CW-MCE-SON 31</instanceText>
      <instanceNumber>instance.00212979</instanceNumber>
   </instance>
   <instance>
      <instanceText>CW-CRE-SON 32</instanceText>
      <instanceNumber>instance.00212826</instanceNumber>
   </instance>
   <instance>
      <instanceText>CW-MCE-SON 32</instanceText>
      <instanceNumber>instance.00212980</instanceNumber>
   </instance>
   <instance>
      <instanceText>CW-CRE-SON 33</instanceText>
      <instanceNumber>instance.00212827</instanceNumber>
   </instance>
   <instance>
      <instanceText>CW-MCE-SON 33</instanceText>
      <instanceNumber>instance.00212981</instanceNumber>
   </instance>
   <instance>
      <instanceText>CW-CRE-SON 34</instanceText>
      <instanceNumber>instance.00212828</instanceNumber>
   </instance>
   <instance>
      <instanceText>CW-MCE-SON 34</instanceText>
      <instanceNumber>instance.00212982</instanceNumber>
   </instance>
   <instance>
      <instanceText>CW-CRE-SON 35</instanceText>
      <instanceNumber>instance.00212829</instanceNumber>
   </instance>
   <instance>
      <instanceText>CW-MCE-SON 35</instanceText>
      <instanceNumber>instance.00212983</instanceNumber>
   </instance>
   <instance>
      <instanceText>CW-CRE-SON 36</instanceText>
      <instanceNumber>instance.00212830</instanceNumber>
   </instance>
   <instance>
      <instanceText>CW-MCE-SON 36</instanceText>
      <instanceNumber>instance.00212984</instanceNumber>
   </instance>
   <instance>
      <instanceText>CW-CRE-SON 37</instanceText>
      <instanceNumber>instance.00212831</instanceNumber>
   </instance>
   <instance>
      <instanceText>CW-MCE-SON 37</instanceText>
      <instanceNumber>instance.00212985</instanceNumber>
   </instance>
   <instance>
      <instanceText>CW-CRE-SON 38</instanceText>
      <instanceNumber>instance.00212832</instanceNumber>
   </instance>
   <instance>
      <instanceText>CW-MCE-SON 38</instanceText>
      <instanceNumber>instance.00212986</instanceNumber>
   </instance>
   <instance>
      <instanceText>CW-CRE-SON 39</instanceText>
      <instanceNumber>instance.00212833</instanceNumber>
   </instance>
   <instance>
      <instanceText>CW-MCE-SON 39</instanceText>
      <instanceNumber>instance.00212987</instanceNumber>
   </instance>
   <instance>
      <instanceText>CW-CRE-SON 4</instanceText>
      <instanceNumber>instance.00212798</instanceNumber>
   </instance>
   <instance>
      <instanceText>CW-MCE-SON 4</instanceText>
      <instanceNumber>instance.00212952</instanceNumber>
   </instance>
   <instance>
      <instanceText>CW-CRE-SON 40</instanceText>
      <instanceNumber>instance.00212834</instanceNumber>
   </instance>
   <instance>
      <instanceText>CW-MCE-SON 40</instanceText>
      <instanceNumber>instance.00212988</instanceNumber>
   </instance>
   <instance>
      <instanceText>CW-CRE-SON 41</instanceText>
      <instanceNumber>instance.00212835</instanceNumber>
   </instance>
   <instance>
      <instanceText>CW-MCE-SON 41</instanceText>
      <instanceNumber>instance.00212989</instanceNumber>
   </instance>
   <instance>
      <instanceText>CW-CRE-SON 42</instanceText>
      <instanceNumber>instance.00212836</instanceNumber>
   </instance>
   <instance>
      <instanceText>CW-MCE-SON 42</instanceText>
      <instanceNumber>instance.00212990</instanceNumber>
   </instance>
   <instance>
      <instanceText>CW-CRE-SON 43</instanceText>
      <instanceNumber>instance.00212837</instanceNumber>
   </instance>
   <instance>
      <instanceText>CW-MCE-SON 43</instanceText>
      <instanceNumber>instance.00212991</instanceNumber>
   </instance>
   <instance>
      <instanceText>CW-CRE-SON 44</instanceText>
      <instanceNumber>instance.00212838</instanceNumber>
   </instance>
   <instance>
      <instanceText>CW-MCE-SON 44</instanceText>
      <instanceNumber>instance.00212992</instanceNumber>
   </instance>
   <instance>
      <instanceText>CW-CRE-SON 45</instanceText>
      <instanceNumber>instance.00212839</instanceNumber>
   </instance>
   <instance>
      <instanceText>CW-MCE-SON 45</instanceText>
      <instanceNumber>instance.00212993</instanceNumber>
   </instance>
   <instance>
      <instanceText>CW-CRE-SON 46</instanceText>
      <instanceNumber>instance.00212840</instanceNumber>
   </instance>
   <instance>
      <instanceText>CW-MCE-SON 46</instanceText>
      <instanceNumber>instance.00212994</instanceNumber>
   </instance>
   <instance>
      <instanceText>CW-CRE-SON 47</instanceText>
      <instanceNumber>instance.00212841</instanceNumber>
   </instance>
   <instance>
      <instanceText>CW-MCE-SON 47</instanceText>
      <instanceNumber>instance.00212995</instanceNumber>
   </instance>
   <instance>
      <instanceText>CW-CRE-SON 48</instanceText>
      <instanceNumber>instance.00212842</instanceNumber>
   </instance>
   <instance>
      <instanceText>CW-MCE-SON 48</instanceText>
      <instanceNumber>instance.00212996</instanceNumber>
   </instance>
   <instance>
      <instanceText>CW-CRE-SON 49</instanceText>
      <instanceNumber>instance.00212843</instanceNumber>
   </instance>
   <instance>
      <instanceText>CW-MCE-SON 49</instanceText>
      <instanceNumber>instance.00212997</instanceNumber>
   </instance>
   <instance>
      <instanceText>CW-CRE-SON 5</instanceText>
      <instanceNumber>instance.00212799</instanceNumber>
   </instance>
   <instance>
      <instanceText>CW-MCE-SON 5</instanceText>
      <instanceNumber>instance.00212953</instanceNumber>
   </instance>
   <instance>
      <instanceText>CW-CRE-SON 50</instanceText>
      <instanceNumber>instance.00212844</instanceNumber>
   </instance>
   <instance>
      <instanceText>CW-MCE-SON 50</instanceText>
      <instanceNumber>instance.00212998</instanceNumber>
   </instance>
   <instance>
      <instanceText>CW-CRE-SON 51</instanceText>
      <instanceNumber>instance.00212845</instanceNumber>
   </instance>
   <instance>
      <instanceText>CW-MCE-SON 51</instanceText>
      <instanceNumber>instance.00212999</instanceNumber>
   </instance>
   <instance>
      <instanceText>CW-CRE-SON 52</instanceText>
      <instanceNumber>instance.00212846</instanceNumber>
   </instance>
   <instance>
      <instanceText>CW-MCE-SON 52</instanceText>
      <instanceNumber>instance.00213000</instanceNumber>
   </instance>
   <instance>
      <instanceText>CW-CRE-SON 53</instanceText>
      <instanceNumber>instance.00212847</instanceNumber>
   </instance>
   <instance>
      <instanceText>CW-MCE-SON 53</instanceText>
      <instanceNumber>instance.00213001</instanceNumber>
   </instance>
   <instance>
      <instanceText>CW-CRE-SON 54</instanceText>
      <instanceNumber>instance.00212848</instanceNumber>
   </instance>
   <instance>
      <instanceText>CW-MCE-SON 54</instanceText>
      <instanceNumber>instance.00213002</instanceNumber>
   </instance>
   <instance>
      <instanceText>CW-CRE-SON 55</instanceText>
      <instanceNumber>instance.00212849</instanceNumber>
   </instance>
   <instance>
      <instanceText>CW-MCE-SON 55</instanceText>
      <instanceNumber>instance.00213003</instanceNumber>
   </instance>
   <instance>
      <instanceText>CW-CRE-SON 56</instanceText>
      <instanceNumber>instance.00212850</instanceNumber>
   </instance>
   <instance>
      <instanceText>CW-MCE-SON 56</instanceText>
      <instanceNumber>instance.00213004</instanceNumber>
   </instance>
   <instance>
      <instanceText>CW-CRE-SON 57</instanceText>
      <instanceNumber>instance.00212851</instanceNumber>
   </instance>
   <instance>
      <instanceText>CW-MCE-SON 57</instanceText>
      <instanceNumber>instance.00213005</instanceNumber>
   </instance>
   <instance>
      <instanceText>CW-CRE-SON 58</instanceText>
      <instanceNumber>instance.00212852</instanceNumber>
   </instance>
   <instance>
      <instanceText>CW-MCE-SON 58</instanceText>
      <instanceNumber>instance.00213006</instanceNumber>
   </instance>
   <instance>
      <instanceText>CW-CRE-SON 59</instanceText>
      <instanceNumber>instance.00212853</instanceNumber>
   </instance>
   <instance>
      <instanceText>CW-MCE-SON 59</instanceText>
      <instanceNumber>instance.00213007</instanceNumber>
   </instance>
   <instance>
      <instanceText>CW-CRE-SON 6</instanceText>
      <instanceNumber>instance.00212800</instanceNumber>
   </instance>
   <instance>
      <instanceText>CW-MCE-SON 6</instanceText>
      <instanceNumber>instance.00212954</instanceNumber>
   </instance>
   <instance>
      <instanceText>CW-CRE-SON 60</instanceText>
      <instanceNumber>instance.00212854</instanceNumber>
   </instance>
   <instance>
      <instanceText>CW-MCE-SON 60</instanceText>
      <instanceNumber>instance.00213008</instanceNumber>
   </instance>
   <instance>
      <instanceText>CW-CRE-SON 61</instanceText>
      <instanceNumber>instance.00212855</instanceNumber>
   </instance>
   <instance>
      <instanceText>CW-MCE-SON 61</instanceText>
      <instanceNumber>instance.00213009</instanceNumber>
   </instance>
   <instance>
      <instanceText>CW-CRE-SON 62</instanceText>
      <instanceNumber>instance.00212856</instanceNumber>
   </instance>
   <instance>
      <instanceText>CW-MCE-SON 62</instanceText>
      <instanceNumber>instance.00213010</instanceNumber>
   </instance>
   <instance>
      <instanceText>CW-CRE-SON 63</instanceText>
      <instanceNumber>instance.00212857</instanceNumber>
   </instance>
   <instance>
      <instanceText>CW-MCE-SON 63</instanceText>
      <instanceNumber>instance.00213011</instanceNumber>
   </instance>
   <instance>
      <instanceText>CW-CRE-SON 64</instanceText>
      <instanceNumber>instance.00212858</instanceNumber>
   </instance>
   <instance>
      <instanceText>CW-MCE-SON 64</instanceText>
      <instanceNumber>instance.00213012</instanceNumber>
   </instance>
   <instance>
      <instanceText>CW-CRE-SON 65</instanceText>
      <instanceNumber>instance.00212859</instanceNumber>
   </instance>
   <instance>
      <instanceText>CW-MCE-SON 65</instanceText>
      <instanceNumber>instance.00213013</instanceNumber>
   </instance>
   <instance>
      <instanceText>CW-CRE-SON 66</instanceText>
      <instanceNumber>instance.00212860</instanceNumber>
   </instance>
   <instance>
      <instanceText>CW-MCE-SON 66</instanceText>
      <instanceNumber>instance.00213014</instanceNumber>
   </instance>
   <instance>
      <instanceText>CW-CRE-SON 67</instanceText>
      <instanceNumber>instance.00212861</instanceNumber>
   </instance>
   <instance>
      <instanceText>CW-MCE-SON 67</instanceText>
      <instanceNumber>instance.00213015</instanceNumber>
   </instance>
   <instance>
      <instanceText>CW-CRE-SON 68</instanceText>
      <instanceNumber>instance.00212862</instanceNumber>
   </instance>
   <instance>
      <instanceText>CW-MCE-SON 68</instanceText>
      <instanceNumber>instance.00213016</instanceNumber>
   </instance>
   <instance>
      <instanceText>CW-CRE-SON 69</instanceText>
      <instanceNumber>instance.00212863</instanceNumber>
   </instance>
   <instance>
      <instanceText>CW-MCE-SON 69</instanceText>
      <instanceNumber>instance.00213017</instanceNumber>
   </instance>
   <instance>
      <instanceText>CW-CRE-SON 7</instanceText>
      <instanceNumber>instance.00212801</instanceNumber>
   </instance>
   <instance>
      <instanceText>CW-MCE-SON 7</instanceText>
      <instanceNumber>instance.00212955</instanceNumber>
   </instance>
   <instance>
      <instanceText>CW-CRE-SON 70</instanceText>
      <instanceNumber>instance.00212864</instanceNumber>
   </instance>
   <instance>
      <instanceText>CW-MCE-SON 70</instanceText>
      <instanceNumber>instance.00213018</instanceNumber>
   </instance>
   <instance>
      <instanceText>CW-CRE-SON 71</instanceText>
      <instanceNumber>instance.00212865</instanceNumber>
   </instance>
   <instance>
      <instanceText>CW-MCE-SON 71</instanceText>
      <instanceNumber>instance.00213019</instanceNumber>
   </instance>
   <instance>
      <instanceText>CW-CRE-SON 72</instanceText>
      <instanceNumber>instance.00212866</instanceNumber>
   </instance>
   <instance>
      <instanceText>CW-MCE-SON 72</instanceText>
      <instanceNumber>instance.00213020</instanceNumber>
   </instance>
   <instance>
      <instanceText>CW-CRE-SON 73</instanceText>
      <instanceNumber>instance.00212867</instanceNumber>
   </instance>
   <instance>
      <instanceText>CW-MCE-SON 73</instanceText>
      <instanceNumber>instance.00213021</instanceNumber>
   </instance>
   <instance>
      <instanceText>CW-CRE-SON 74</instanceText>
      <instanceNumber>instance.00212868</instanceNumber>
   </instance>
   <instance>
      <instanceText>CW-MCE-SON 74</instanceText>
      <instanceNumber>instance.00213022</instanceNumber>
   </instance>
   <instance>
      <instanceText>CW-CRE-SON 75</instanceText>
      <instanceNumber>instance.00212869</instanceNumber>
   </instance>
   <instance>
      <instanceText>CW-MCE-SON 75</instanceText>
      <instanceNumber>instance.00213023</instanceNumber>
   </instance>
   <instance>
      <instanceText>CW-CRE-SON 76</instanceText>
      <instanceNumber>instance.00212870</instanceNumber>
   </instance>
   <instance>
      <instanceText>CW-MCE-SON 76</instanceText>
      <instanceNumber>instance.00213024</instanceNumber>
   </instance>
   <instance>
      <instanceText>CW-CRE-SON 77</instanceText>
      <instanceNumber>instance.00212871</instanceNumber>
   </instance>
   <instance>
      <instanceText>CW-MCE-SON 77</instanceText>
      <instanceNumber>instance.00213025</instanceNumber>
   </instance>
   <instance>
      <instanceText>CW-CRE-SON 78</instanceText>
      <instanceNumber>instance.00212872</instanceNumber>
   </instance>
   <instance>
      <instanceText>CW-MCE-SON 78</instanceText>
      <instanceNumber>instance.00213026</instanceNumber>
   </instance>
   <instance>
      <instanceText>CW-CRE-SON 79</instanceText>
      <instanceNumber>instance.00212873</instanceNumber>
   </instance>
   <instance>
      <instanceText>CW-MCE-SON 79</instanceText>
      <instanceNumber>instance.00213027</instanceNumber>
   </instance>
   <instance>
      <instanceText>CW-CRE-SON 8</instanceText>
      <instanceNumber>instance.00212802</instanceNumber>
   </instance>
   <instance>
      <instanceText>CW-MCE-SON 8</instanceText>
      <instanceNumber>instance.00212956</instanceNumber>
   </instance>
   <instance>
      <instanceText>CW-CRE-SON 80</instanceText>
      <instanceNumber>instance.00212874</instanceNumber>
   </instance>
   <instance>
      <instanceText>CW-MCE-SON 80</instanceText>
      <instanceNumber>instance.00213028</instanceNumber>
   </instance>
   <instance>
      <instanceText>CW-CRE-SON 81</instanceText>
      <instanceNumber>instance.00212875</instanceNumber>
   </instance>
   <instance>
      <instanceText>CW-MCE-SON 81</instanceText>
      <instanceNumber>instance.00213029</instanceNumber>
   </instance>
   <instance>
      <instanceText>CW-CRE-SON 82</instanceText>
      <instanceNumber>instance.00212876</instanceNumber>
   </instance>
   <instance>
      <instanceText>CW-MCE-SON 82</instanceText>
      <instanceNumber>instance.00213030</instanceNumber>
   </instance>
   <instance>
      <instanceText>CW-CRE-SON 83</instanceText>
      <instanceNumber>instance.00212877</instanceNumber>
   </instance>
   <instance>
      <instanceText>CW-MCE-SON 83</instanceText>
      <instanceNumber>instance.00213031</instanceNumber>
   </instance>
   <instance>
      <instanceText>CW-CRE-SON 84</instanceText>
      <instanceNumber>instance.00212878</instanceNumber>
   </instance>
   <instance>
      <instanceText>CW-MCE-SON 84</instanceText>
      <instanceNumber>instance.00213032</instanceNumber>
   </instance>
   <instance>
      <instanceText>CW-CRE-SON 85</instanceText>
      <instanceNumber>instance.00212879</instanceNumber>
   </instance>
   <instance>
      <instanceText>CW-MCE-SON 85</instanceText>
      <instanceNumber>instance.00213033</instanceNumber>
   </instance>
   <instance>
      <instanceText>CW-CRE-SON 86</instanceText>
      <instanceNumber>instance.00212880</instanceNumber>
   </instance>
   <instance>
      <instanceText>CW-MCE-SON 86</instanceText>
      <instanceNumber>instance.00213034</instanceNumber>
   </instance>
   <instance>
      <instanceText>CW-CRE-SON 87</instanceText>
      <instanceNumber>instance.00212881</instanceNumber>
   </instance>
   <instance>
      <instanceText>CW-MCE-SON 87</instanceText>
      <instanceNumber>instance.00213035</instanceNumber>
   </instance>
   <instance>
      <instanceText>CW-CRE-SON 88</instanceText>
      <instanceNumber>instance.00212882</instanceNumber>
   </instance>
   <instance>
      <instanceText>CW-MCE-SON 88</instanceText>
      <instanceNumber>instance.00213036</instanceNumber>
   </instance>
   <instance>
      <instanceText>CW-CRE-SON 89</instanceText>
      <instanceNumber>instance.00212883</instanceNumber>
   </instance>
   <instance>
      <instanceText>CW-MCE-SON 89</instanceText>
      <instanceNumber>instance.00213037</instanceNumber>
   </instance>
   <instance>
      <instanceText>CW-CRE-SON 9</instanceText>
      <instanceNumber>instance.00212803</instanceNumber>
   </instance>
   <instance>
      <instanceText>CW-MCE-SON 9</instanceText>
      <instanceNumber>instance.00212957</instanceNumber>
   </instance>
   <instance>
      <instanceText>CW-CRE-SON 90</instanceText>
      <instanceNumber>instance.00212884</instanceNumber>
   </instance>
   <instance>
      <instanceText>CW-MCE-SON 90</instanceText>
      <instanceNumber>instance.00213038</instanceNumber>
   </instance>
   <instance>
      <instanceText>CW-CRE-SON 91</instanceText>
      <instanceNumber>instance.00212885</instanceNumber>
   </instance>
   <instance>
      <instanceText>CW-MCE-SON 91</instanceText>
      <instanceNumber>instance.00213039</instanceNumber>
   </instance>
   <instance>
      <instanceText>CW-CRE-SON 92</instanceText>
      <instanceNumber>instance.00212886</instanceNumber>
   </instance>
   <instance>
      <instanceText>CW-MCE-SON 92</instanceText>
      <instanceNumber>instance.00213040</instanceNumber>
   </instance>
   <instance>
      <instanceText>CW-CRE-SON 93</instanceText>
      <instanceNumber>instance.00212887</instanceNumber>
   </instance>
   <instance>
      <instanceText>CW-MCE-SON 93</instanceText>
      <instanceNumber>instance.00213041</instanceNumber>
   </instance>
   <instance>
      <instanceText>CW-CRE-SON 94</instanceText>
      <instanceNumber>instance.00212888</instanceNumber>
   </instance>
   <instance>
      <instanceText>CW-MCE-SON 94</instanceText>
      <instanceNumber>instance.00213042</instanceNumber>
   </instance>
   <instance>
      <instanceText>CW-CRE-SON 95</instanceText>
      <instanceNumber>instance.00212889</instanceNumber>
   </instance>
   <instance>
      <instanceText>CW-MCE-SON 95</instanceText>
      <instanceNumber>instance.00213043</instanceNumber>
   </instance>
   <instance>
      <instanceText>CW-CRE-SON 96</instanceText>
      <instanceNumber>instance.00212890</instanceNumber>
   </instance>
   <instance>
      <instanceText>CW-MCE-SON 96</instanceText>
      <instanceNumber>instance.00213044</instanceNumber>
   </instance>
   <instance>
      <instanceText>CW-CRE-SON 97</instanceText>
      <instanceNumber>instance.00212891</instanceNumber>
   </instance>
   <instance>
      <instanceText>CW-MCE-SON 97</instanceText>
      <instanceNumber>instance.00213045</instanceNumber>
   </instance>
   <instance>
      <instanceText>CW-CRE-SON 98</instanceText>
      <instanceNumber>instance.00212892</instanceNumber>
   </instance>
   <instance>
      <instanceText>CW-MCE-SON 98</instanceText>
      <instanceNumber>instance.00213046</instanceNumber>
   </instance>
   <instance>
      <instanceText>CW-CRE-SON 99</instanceText>
      <instanceNumber>instance.00212893</instanceNumber>
   </instance>
   <instance>
      <instanceText>CW-MCE-SON 99</instanceText>
      <instanceNumber>instance.00213047</instanceNumber>
   </instance>
   <instance>
      <instanceText>CW-CRE-SPAN</instanceText>
      <instanceNumber>instance.00148547</instanceNumber>
   </instance>
   <instance>
      <instanceText>CW-MCE-SPAN</instanceText>
      <instanceNumber>instance.00148609</instanceNumber>
   </instance>
   <instance>
      <instanceText>CW-CRE-STM</instanceText>
      <instanceNumber>instance.00148549</instanceNumber>
   </instance>
   <instance>
      <instanceText>CW-MCE-STM</instanceText>
      <instanceNumber>instance.00148658</instanceNumber>
   </instance>
   <instance>
      <instanceText>CW-CRE-T&amp;C</instanceText>
      <instanceNumber>instance.00148580</instanceNumber>
   </instance>
   <instance>
      <instanceText>CW-MCE-T&amp;C</instanceText>
      <instanceNumber>instance.00148645</instanceNumber>
   </instance>
   <instance>
      <instanceText>CW-CRE-TGV</instanceText>
      <instanceNumber>instance.00148557</instanceNumber>
   </instance>
   <instance>
      <instanceText>CW-MCE-TGV</instanceText>
      <instanceNumber>instance.00148593</instanceNumber>
   </instance>
   <instance>
      <instanceText>CW-CRE-TIM</instanceText>
      <instanceNumber>instance.00148576</instanceNumber>
   </instance>
   <instance>
      <instanceText>CW-MCE-TIM</instanceText>
      <instanceNumber>instance.00148663</instanceNumber>
   </instance>
   <instance>
      <instanceText>CW-CRE-TIT</instanceText>
      <instanceNumber>instance.00148508</instanceNumber>
   </instance>
   <instance>
      <instanceText>CW-MCE-TIT</instanceText>
      <instanceNumber>instance.00148594</instanceNumber>
   </instance>
   <instance>
      <instanceText>CW-CRE-TMP</instanceText>
      <instanceNumber>instance.00148556</instanceNumber>
   </instance>
   <instance>
      <instanceText>CW-MCE-TMP</instanceText>
      <instanceNumber>instance.00148673</instanceNumber>
   </instance>
   <instance>
      <instanceText>CW-CRE-TN</instanceText>
      <instanceNumber>instance.00148565</instanceNumber>
   </instance>
   <instance>
      <instanceText>CW-MCE-TN</instanceText>
      <instanceNumber>instance.00148646</instanceNumber>
   </instance>
   <instance>
      <instanceText>CW-CRE-TNK</instanceText>
      <instanceNumber>instance.00148581</instanceNumber>
   </instance>
   <instance>
      <instanceText>CW-MCE-TNK</instanceText>
      <instanceNumber>instance.00148676</instanceNumber>
   </instance>
   <instance>
      <instanceText>CW-CRE-TS</instanceText>
      <instanceNumber>instance.00148562</instanceNumber>
   </instance>
   <instance>
      <instanceText>CW-MCE-TS</instanceText>
      <instanceNumber>instance.00148595</instanceNumber>
   </instance>
   <instance>
      <instanceText>CW-CRE-V&amp;A</instanceText>
      <instanceNumber>instance.00148507</instanceNumber>
   </instance>
   <instance>
      <instanceText>CW-MCE-V&amp;A</instanceText>
      <instanceNumber>instance.00148600</instanceNumber>
   </instance>
   <instance>
      <instanceText>CW-CRE-WT</instanceText>
      <instanceNumber>instance.00148566</instanceNumber>
   </instance>
   <instance>
      <instanceText>CW-MCE-WT</instanceText>
      <instanceNumber>instance.00148671</instanceNumber>
   </instance>
</intanceList>
